[
  {
    "_id": "5ae324b57f0f6d130535fce7",
    "_parentId": "5ae324b57f0f6d130535fce1",
    "_type": "article",
    "_isAvailable": true,
    "_isOptional": false,
    "_classes": "",
    "body": "",
    "displayTitle": "",
    "title": "Article title",
    "_assessment": {
      "_isEnabled": false,
      "_id": "",
      "_banks": {
        "_isEnabled": false,
        "_split": "",
        "_randomisation": false
      },
      "_randomisation": {
        "_isEnabled": false,
        "_blockCount": 1
      },
      "_questions": {
        "_resetType": "soft",
        "_canShowFeedback": false,
        "_canShowMarking": false,
        "_canShowModelAnswer": false
      },
      "_isPercentageBased": false,
      "_scoreToPass": 60,
      "_includeInTotalScore": false,
      "_assessmentWeight": 1,
      "_isResetOnRevisit": false,
      "_attempts": -1
    }
  },
  {
    "_id": "5ae324b57f0f6d130535fcea",
    "_type": "article",
    "_parentId": "5ae324b57f0f6d130535fce0",
    "_isAvailable": true,
    "_isOptional": false,
    "_classes": "",
    "body": "",
    "displayTitle": "",
    "title": "Article title",
    "_assessment": {
      "_isEnabled": false,
      "_id": "",
      "_banks": {
        "_isEnabled": false,
        "_split": "",
        "_randomisation": false
      },
      "_randomisation": {
        "_isEnabled": false,
        "_blockCount": 1
      },
      "_questions": {
        "_resetType": "soft",
        "_canShowFeedback": false,
        "_canShowMarking": false,
        "_canShowModelAnswer": false
      },
      "_isPercentageBased": false,
      "_scoreToPass": 60,
      "_includeInTotalScore": false,
      "_assessmentWeight": 1,
      "_isResetOnRevisit": false,
      "_attempts": -1
    }
  },
  {
    "_id": "5ae324b57f0f6d130535fce9",
    "_parentId": "5ae324b57f0f6d130535fce0",
    "_type": "article",
    "_isAvailable": true,
    "_isOptional": false,
    "_classes": "hidden",
    "body": "",
    "displayTitle": "",
    "title": "Article title",
    "_assessment": {
      "_isEnabled": true,
      "_id": "assessment",
      "_banks": {
        "_isEnabled": true,
        "_split": "1,1,1,1,1,1,1,1,1,1",
        "_randomisation": false
      },
      "_randomisation": {
        "_isEnabled": false,
        "_blockCount": 1
      },
      "_questions": {
        "_resetType": "soft",
        "_canShowFeedback": true,
        "_canShowMarking": true,
        "_canShowModelAnswer": true
      },
      "_isPercentageBased": true,
      "_scoreToPass": 80,
      "_includeInTotalScore": true,
      "_assessmentWeight": 1,
      "_isResetOnRevisit": false,
      "_attempts": -1
    }
  },
  {
    "_id": "5ae324b57f0f6d130535fceb",
    "_type": "article",
    "_parentId": "5ae324b57f0f6d130535fce0",
    "_isAvailable": true,
    "_isOptional": false,
    "_classes": "",
    "body": "",
    "displayTitle": "",
    "title": "Article title",
    "_assessment": {
      "_isEnabled": false,
      "_id": "",
      "_banks": {
        "_isEnabled": false,
        "_split": "",
        "_randomisation": false
      },
      "_randomisation": {
        "_isEnabled": false,
        "_blockCount": 1
      },
      "_questions": {
        "_resetType": "soft",
        "_canShowFeedback": false,
        "_canShowMarking": false,
        "_canShowModelAnswer": false
      },
      "_isPercentageBased": false,
      "_scoreToPass": 60,
      "_includeInTotalScore": false,
      "_assessmentWeight": 1,
      "_isResetOnRevisit": false,
      "_attempts": -1
    }
  },
  {
    "_id": "5ae324b57f0f6d130535fce8",
    "_parentId": "5ae324b57f0f6d130535fce1",
    "_type": "article",
    "_isAvailable": true,
    "_isOptional": false,
    "_classes": "",
    "body": "",
    "displayTitle": "",
    "title": "Article title",
    "_assessment": {
      "_isEnabled": false,
      "_id": "",
      "_banks": {
        "_isEnabled": false,
        "_split": "",
        "_randomisation": false
      },
      "_randomisation": {
        "_isEnabled": false,
        "_blockCount": 1
      },
      "_questions": {
        "_resetType": "soft",
        "_canShowFeedback": false,
        "_canShowMarking": false,
        "_canShowModelAnswer": false
      },
      "_isPercentageBased": false,
      "_scoreToPass": 60,
      "_includeInTotalScore": false,
      "_assessmentWeight": 1,
      "_isResetOnRevisit": false,
      "_attempts": -1
    }
  }
]