[
  {
    "title": "Introduction to the General Data Protection Regulation",
    "displayTitle": "Introduction to the General Data Protection Regulation",
    "body": "<p>This lesson provides an overview of the General Data Protection Regulation (GDPR) and the key differences from the existing data protection regulations.</p><p>After completion,&nbsp;you should able to work more confidently with the requirements of the GDPR.</p><p>&nbsp;</p><p>&nbsp;</p><p>&nbsp;</p>",
    "_classes": "",
    "pageBody": "",
    "linkText": "View",
    "duration": "",
    "_lockedBy": [],
    "_lockType": "",
    "_isOptional": false,
    "_isAvailable": true,
    "_isHidden": false,
    "_isVisible": true,
    "_id": "5ae324b57f0f6d130535fce1",
    "_graphic": {
      "src": "course/assets/920b06ed7712901d594c675160503549989b5d65.jpeg",
      "alt": ""
    },
    "_parentId": "course",
    "_type": "page",
    "_aboutPage": {
      "_items": [],
      "SL_text": "",
      "aboutCredit": "<p>This guidance is based upon information from the Regulation <a href=\"https://gdpr-info.eu/\" target=\"_blank\">EU&nbsp;2016/679</a> (General Data Projection Regulation) and the <a href=\"https://ico.org.uk/for-organisations/guide-to-the-general-data-protection-regulation-gdpr/\" target=\"_blank\">Information Commissioner&#39;s Office</a>&nbsp;(UK).</p>"
    },
    "_pageLevelProgress": {
      "_showPageCompletion": true,
      "_isEnabled": true
    },
    "_FooterLink": {
      "_items": []
    }
  },
  {
    "title": "The GDPR: Test your knowledge",
    "displayTitle": "The GDPR: Test your knowledge",
    "body": "<p>Are you ready for the GDPR? Test your knowledge with this quiz, Get 8/10 to pass.</p>",
    "_classes": "hidden",
    "pageBody": "",
    "linkText": "View",
    "duration": "",
    "_lockedBy": [],
    "_lockType": "",
    "_isOptional": false,
    "_isAvailable": true,
    "_isHidden": false,
    "_isVisible": true,
    "_id": "5ae324b57f0f6d130535fce0",
    "_graphic": {
      "src": "course/assets/45083b2d4a10e472cf4c73eda3735f8009b5c2e7.png",
      "alt": ""
    },
    "_parentId": "course",
    "_type": "page",
    "_pageLevelProgress": {
      "_isEnabled": true,
      "_showPageCompletion": true
    },
    "_aboutPage": {
      "aboutCredit": "",
      "SL_text": "",
      "_items": []
    },
    "_FooterLink": {
      "_items": []
    }
  }
]