{
  "title": "Lloyds (GDPR) - Lesson 3",
  "displayTitle": "Lloyds (GDPR) - Lesson 3",
  "body": "<p>Lloyds (GDPR) - Lesson 2</p>",
  "description": "",
  "_latestTrackingId": 19,
  "_buttons": {
    "_submit": {
      "buttonText": "Submit",
      "ariaLabel": "Submit"
    },
    "_reset": {
      "buttonText": "Reset",
      "ariaLabel": "Reset"
    },
    "_showCorrectAnswer": {
      "buttonText": "Show correct answer",
      "ariaLabel": "Show correct answer"
    },
    "_hideCorrectAnswer": {
      "buttonText": "Hide correct answer",
      "ariaLabel": "Hide correct answer"
    },
    "_showFeedback": {
      "buttonText": "Show feedback",
      "ariaLabel": "Show feedback"
    },
    "remainingAttemptsText": "remaining attempts",
    "remainingAttemptText": "final attempt",
    "disabledAriaLabel": "This button is disabled at the moment"
  },
  "_classes": "",
  "_lockType": "",
  "_id": "course",
  "_globals": {
    "_accessibility": {
      "accessibilityToggleTextOn": "Turn accessibility on?",
      "accessibilityToggleTextOff": "Turn accessibility off?",
      "skipNavigationText": "Skip navigation",
      "_accessibilityInstructions": {
        "touch": "Usage instructions. Use swipe left for next. Use swipe right for previous. Use a double tab to select. Use a two finger slide up to go to the top of the page.",
        "notouch": "Usage instructions. Use tab for next. Use shift tab for previous. Use enter to select. Use escape to go to the top of the page.",
        "ipad": "Usage instructions for touchscreens. Use swipe left for next. Use swipe right for previous. Use a double tab to select. Use a two finger slide up to go to the top of the page. Usage instructions for keyboard access. Use left for next. Use right for previous. Use up and down together to select."
      },
      "_ariaLabels": {
        "navigation": "Course navigation bar",
        "skipNavigation": "Skip Navigation",
        "menuLoaded": "Menu loaded",
        "page": "Page",
        "pageLoaded": "Page loaded",
        "previous": "Back",
        "navigationDrawer": "Open course resources and search",
        "drawer": "Side drawer",
        "closePopup": "Close popup",
        "next": "Next",
        "done": "Done",
        "complete": "Complete",
        "incomplete": "Incomplete",
        "correct": "Correct",
        "incorrect": "Incorrect",
        "locked": "Locked",
        "accessibilityToggleButton": "By selecting this button you can set whether accessibility is turned on or off",
        "feedbackPopUp": "Popup opened",
        "visited": "Visited",
        "menuIndicatorHeading": "Menu item heading "
      }
    },
    "_components": {
      "_graphic": {
        "ariaRegion": ""
      },
      "_text": {
        "ariaRegion": ""
      },
      "_mcq": {
        "ariaRegion": "This component is a multiple choice question. Once you have selected an option select the submit button below"
      }
    },
    "_extensions": {
      "_aboutPage": {
        "linkText": "About",
        "titleText": "About",
        "contactEMail": "training@theodi.org",
        "contactLinkText": "Contact",
        "aboutCredit": "",
        "SL_text": "<p>Developed for&nbsp;<a href=\"https://www.lloyds.com/\" target=\"_blank\">Lloyd&#39;s of London</a> by&nbsp;<a href=\"https://theodi.org/\" target=\"_blank\">The Open Data Institute</a><br />&copy; Lloyd&#39;s of London</p>",
        "SL_facebook": "",
        "SL_flickr": "",
        "SL_github": "",
        "SL_scribd": "",
        "SL_soundcloud": "",
        "SL_twitter": "",
        "SL_vimeo": "",
        "SL_youtube": ""
      },
      "_pageLevelProgress": {
        "pageLevelProgress": "Page sections",
        "pageLevelProgressIndicatorBar": "Progress bar. Select here to view your current progress, and select an item to navigate to it. You have completed ",
        "pageLevelProgressMenuBar": "You have completed ",
        "pageLevelProgressEnd": "You have reached the end of the list of page sections.",
        "optionalContent": "Optional Content"
      }
    }
  },
  "_start": {
    "_isEnabled": true,
    "_startIds": [
      {
        "_id": "5c372c6f5b80120554175351",
        "_skipIfComplete": false,
        "_className": ""
      }
    ],
    "_force": false,
    "_isMenuDisabled": false
  },
  "_type": "course",
  "_aboutPage": {
    "_items": [
      {
        "title": "The Open Data Institute",
        "description": "<p>Expert knowledge, learning expertise and&nbsp;content development provided by the by the&nbsp;<a href=\"https://theodi.org\" target=\"_blank\">Open Data Institute</a>.</p>",
        "_graphic": {
          "alt": "",
          "src": "adapt/css/assets/logo-small.png"
        }
      },
      {
        "title": "Adapt learning",
        "description": "<p>Open source learning platform developed by <a href=\"https://www.adaptlearning.org/\" target=\"_blank\">Adapt learning</a>.</p>",
        "_graphic": {
          "alt": "",
          "src": "adapt/css/assets/adapt.png"
        }
      }
    ]
  },
  "_FooterLink": {
    "_items": [
      {
        "title": "Terms & Conditions",
        "link": "https://www.lloyds.com/common/terms-and-conditions"
      }
    ]
  },
  "_assessment": {
    "_postTotalScoreToLms": false,
    "_isPercentageBased": false,
    "_scoreToPass": 60
  },
  "_pageLevelProgress": {
    "_isEnabled": true,
    "_showPageCompletion": true
  }
}