[
  {
    "_id": "5ae315da7f0f6d130535f763",
    "_type": "block",
    "_parentId": "5ae315d97f0f6d130535f738",
    "_isAvailable": true,
    "_isOptional": false,
    "_trackingId": 1,
    "_classes": "summary footer inverted",
    "body": "",
    "displayTitle": "",
    "title": "Block title",
    "_assessment": {
      "_quizBankID": 1
    }
  },
  {
    "_id": "5ae315da7f0f6d130535f762",
    "_type": "block",
    "_parentId": "5ae315d97f0f6d130535f737",
    "_isAvailable": true,
    "_isOptional": false,
    "_trackingId": 2,
    "_classes": "",
    "body": "",
    "displayTitle": "",
    "title": "Block title",
    "_assessment": {
      "_quizBankID": 1
    }
  },
  {
    "_id": "5ae315da7f0f6d130535f744",
    "_type": "block",
    "_parentId": "5ae315d97f0f6d130535f735",
    "_isAvailable": true,
    "_isOptional": false,
    "_trackingId": 3,
    "_classes": "",
    "body": "",
    "displayTitle": "",
    "title": "Block title",
    "_assessment": {
      "_quizBankID": 1
    }
  },
  {
    "_id": "5ae315da7f0f6d130535f798",
    "_type": "block",
    "_parentId": "5ae315d97f0f6d130535f736",
    "_isAvailable": true,
    "_isOptional": false,
    "_trackingId": 4,
    "_classes": "color-four inverted",
    "body": "",
    "displayTitle": "",
    "title": "Personal Data",
    "_assessment": {
      "_quizBankID": 1
    }
  },
  {
    "_id": "5ae315da7f0f6d130535f755",
    "_type": "block",
    "_parentId": "5ae315d97f0f6d130535f736",
    "_isAvailable": true,
    "_isOptional": false,
    "_trackingId": 5,
    "_classes": "color-four",
    "body": "",
    "displayTitle": "",
    "title": "The impacts of the GDPR for Lloyd's of London",
    "_assessment": {
      "_quizBankID": 2
    }
  },
  {
    "_id": "5ae315da7f0f6d130535f74f",
    "_type": "block",
    "_parentId": "5ae315d97f0f6d130535f735",
    "_isAvailable": true,
    "_isOptional": false,
    "_trackingId": 6,
    "_classes": "inverted color-four section-banner",
    "body": "",
    "displayTitle": "",
    "title": "Block title",
    "_assessment": {
      "_quizBankID": 1
    }
  },
  {
    "_id": "5ae315da7f0f6d130535f745",
    "_type": "block",
    "_parentId": "5ae315d97f0f6d130535f735",
    "_isAvailable": true,
    "_isOptional": false,
    "_trackingId": 7,
    "_classes": "color-two",
    "body": "",
    "displayTitle": "",
    "title": "Block title",
    "_assessment": {
      "_quizBankID": 1
    }
  },
  {
    "_id": "5ae315da7f0f6d130535f756",
    "_type": "block",
    "_parentId": "5ae315d97f0f6d130535f736",
    "_isAvailable": true,
    "_isOptional": false,
    "_trackingId": 8,
    "_classes": "color-one inverted",
    "body": "",
    "displayTitle": "",
    "title": "Privacy best practices",
    "_assessment": {
      "_quizBankID": 3
    }
  },
  {
    "_id": "5ae315da7f0f6d130535f75f",
    "_type": "block",
    "_parentId": "5ae315d97f0f6d130535f736",
    "_isAvailable": true,
    "_isOptional": false,
    "_trackingId": 9,
    "_classes": "color-one inverted",
    "body": "",
    "displayTitle": "",
    "title": "Privacy best practices",
    "_assessment": {
      "_quizBankID": 3
    }
  },
  {
    "_id": "5ae315da7f0f6d130535f746",
    "_type": "block",
    "_parentId": "5ae315d97f0f6d130535f735",
    "_isAvailable": true,
    "_isOptional": false,
    "_trackingId": 10,
    "_classes": "color-four inverted",
    "body": "",
    "displayTitle": "What data processed and held by Lloyd's is subject to the GDPR?",
    "title": "What data processed and held by Lloyd's is subject to the GDPR?",
    "_assessment": {
      "_quizBankID": 1
    }
  },
  {
    "_id": "5ae315da7f0f6d130535f760",
    "_type": "block",
    "_parentId": "5ae315d97f0f6d130535f736",
    "_isAvailable": true,
    "_isOptional": false,
    "_trackingId": 11,
    "_classes": "color-one inverted",
    "body": "",
    "displayTitle": "",
    "title": "Privacy best practices",
    "_assessment": {
      "_quizBankID": 3
    }
  },
  {
    "_id": "5ae315da7f0f6d130535f747",
    "_type": "block",
    "_parentId": "5ae315d97f0f6d130535f735",
    "_isAvailable": true,
    "_isOptional": false,
    "_trackingId": 12,
    "_classes": "color-four",
    "body": "",
    "displayTitle": "What are the impacts of the GDPR for Lloyd's of London?",
    "title": "What are the impacts of the GDPR for Lloyd's of London?",
    "_assessment": {
      "_quizBankID": 1
    }
  },
  {
    "_id": "5ae315da7f0f6d130535f748",
    "_type": "block",
    "_parentId": "5ae315d97f0f6d130535f735",
    "_isAvailable": true,
    "_isOptional": false,
    "_trackingId": 13,
    "_classes": "color-one section-banner inverted",
    "body": "",
    "displayTitle": "",
    "title": "Block title",
    "_assessment": {
      "_quizBankID": 1
    }
  },
  {
    "_id": "5ae315da7f0f6d130535f758",
    "_type": "block",
    "_parentId": "5ae315d97f0f6d130535f736",
    "_isAvailable": true,
    "_isOptional": false,
    "_trackingId": 14,
    "_classes": "color-one",
    "body": "",
    "displayTitle": "",
    "title": "Introducing a new process",
    "_assessment": {
      "_quizBankID": 4
    }
  },
  {
    "_id": "5ae315da7f0f6d130535f75e",
    "_type": "block",
    "_parentId": "5ae315d97f0f6d130535f735",
    "_isAvailable": true,
    "_isOptional": false,
    "_trackingId": 15,
    "_classes": "color-one",
    "body": "",
    "displayTitle": "",
    "title": "Block title",
    "_assessment": {
      "_quizBankID": 1
    }
  },
  {
    "_id": "5ae315da7f0f6d130535f757",
    "_type": "block",
    "_parentId": "5ae315d97f0f6d130535f736",
    "_isAvailable": true,
    "_isOptional": false,
    "_trackingId": 16,
    "_classes": "color-one inverted",
    "body": "",
    "displayTitle": "",
    "title": "Data Protection Impact Assessments",
    "_assessment": {
      "_quizBankID": 5
    }
  },
  {
    "_id": "5ae315da7f0f6d130535f759",
    "_type": "block",
    "_parentId": "5ae315d97f0f6d130535f736",
    "_isAvailable": true,
    "_isOptional": false,
    "_trackingId": 17,
    "_classes": "color-one inverted",
    "body": "",
    "displayTitle": "",
    "title": "Data Protection Impact Assessments",
    "_assessment": {
      "_quizBankID": 5
    }
  },
  {
    "_id": "5ae315da7f0f6d130535f749",
    "_type": "block",
    "_parentId": "5ae315d97f0f6d130535f735",
    "_isAvailable": true,
    "_isOptional": false,
    "_trackingId": 18,
    "_classes": "color-one inverted",
    "body": "",
    "displayTitle": "",
    "title": "Block title",
    "_assessment": {
      "_quizBankID": 1
    }
  },
  {
    "_id": "5ae315da7f0f6d130535f75a",
    "_type": "block",
    "_parentId": "5ae315d97f0f6d130535f736",
    "_isAvailable": true,
    "_isOptional": false,
    "_trackingId": 19,
    "_classes": "color-one",
    "body": "",
    "displayTitle": "",
    "title": "Ensuring processing is lawful",
    "_assessment": {
      "_quizBankID": 6
    }
  },
  {
    "_id": "5ae315da7f0f6d130535f750",
    "_type": "block",
    "_parentId": "5ae315d97f0f6d130535f735",
    "_isAvailable": true,
    "_isOptional": false,
    "_trackingId": 20,
    "_classes": "color-one",
    "body": "",
    "displayTitle": "",
    "title": "Block title",
    "_assessment": {
      "_quizBankID": 1
    }
  },
  {
    "_id": "5ae315da7f0f6d130535f761",
    "_type": "block",
    "_parentId": "5ae315d97f0f6d130535f736",
    "_isAvailable": true,
    "_isOptional": false,
    "_trackingId": 21,
    "_classes": "color-one inverted",
    "body": "",
    "displayTitle": "",
    "title": "Retaining personal data",
    "_assessment": {
      "_quizBankID": 7
    }
  },
  {
    "_id": "5ae315da7f0f6d130535f754",
    "_type": "block",
    "_parentId": "5ae315d97f0f6d130535f735",
    "_isAvailable": true,
    "_isOptional": false,
    "_trackingId": 22,
    "_classes": "color-one inverted",
    "body": "",
    "displayTitle": "Do you need, or are you allowed to keep the personal data?",
    "title": "Do you need, or are you allowed to keep the personal data?",
    "_assessment": {
      "_quizBankID": 1
    }
  },
  {
    "_id": "5ae315da7f0f6d130535f75b",
    "_type": "block",
    "_parentId": "5ae315d97f0f6d130535f736",
    "_isAvailable": true,
    "_isOptional": false,
    "_trackingId": 23,
    "_classes": "color-one",
    "body": "",
    "displayTitle": "",
    "title": "Respecting the rights of individuals",
    "_assessment": {
      "_quizBankID": 8
    }
  },
  {
    "_id": "5ae315da7f0f6d130535f753",
    "_type": "block",
    "_parentId": "5ae315d97f0f6d130535f735",
    "_isAvailable": true,
    "_isOptional": false,
    "_trackingId": 24,
    "_classes": "color-one",
    "body": "",
    "displayTitle": "",
    "title": "Block title",
    "_assessment": {
      "_quizBankID": 1
    }
  },
  {
    "_id": "5ae315da7f0f6d130535f75c",
    "_type": "block",
    "_parentId": "5ae315d97f0f6d130535f736",
    "_isAvailable": true,
    "_isOptional": false,
    "_trackingId": 25,
    "_classes": "color-four inverted",
    "body": "",
    "displayTitle": "",
    "title": "Personal data breaches",
    "_assessment": {
      "_quizBankID": 9
    }
  },
  {
    "_id": "5ae315da7f0f6d130535f751",
    "_type": "block",
    "_parentId": "5ae315d97f0f6d130535f735",
    "_isAvailable": true,
    "_isOptional": false,
    "_trackingId": 26,
    "_classes": "section-banner color-four inverted",
    "body": "",
    "displayTitle": "",
    "title": "Block title",
    "_assessment": {
      "_quizBankID": 1
    }
  },
  {
    "_id": "5ae315da7f0f6d130535f75d",
    "_type": "block",
    "_parentId": "5ae315d97f0f6d130535f736",
    "_isAvailable": true,
    "_isOptional": false,
    "_trackingId": 27,
    "_classes": "color-six",
    "body": "",
    "displayTitle": "",
    "title": "Contacts for GDPR enquiries",
    "_assessment": {
      "_quizBankID": 10
    }
  },
  {
    "_id": "5ae315da7f0f6d130535f74a",
    "_type": "block",
    "_parentId": "5ae315d97f0f6d130535f735",
    "_isAvailable": true,
    "_isOptional": false,
    "_trackingId": 28,
    "_classes": "color-four",
    "body": "",
    "displayTitle": "",
    "title": "Block title",
    "_assessment": {
      "_quizBankID": 1
    }
  },
  {
    "_id": "5ae315da7f0f6d130535f74b",
    "_type": "block",
    "_parentId": "5ae315d97f0f6d130535f735",
    "_isAvailable": true,
    "_isOptional": false,
    "_trackingId": 29,
    "_classes": "color-four inverted",
    "body": "",
    "displayTitle": "",
    "title": "Block title",
    "_assessment": {
      "_quizBankID": 1
    }
  },
  {
    "_id": "5ae315da7f0f6d130535f752",
    "_type": "block",
    "_parentId": "5ae315d97f0f6d130535f735",
    "_isAvailable": true,
    "_isOptional": false,
    "_trackingId": 30,
    "_classes": "color-four",
    "body": "",
    "displayTitle": "",
    "title": "Block title",
    "_assessment": {
      "_quizBankID": 1
    }
  },
  {
    "_id": "5ae315da7f0f6d130535f74c",
    "_type": "block",
    "_parentId": "5ae315d97f0f6d130535f735",
    "_isAvailable": true,
    "_isOptional": false,
    "_trackingId": 31,
    "_classes": "color-four inverted",
    "body": "",
    "displayTitle": "",
    "title": "Block title",
    "_assessment": {
      "_quizBankID": 1
    }
  },
  {
    "_id": "5ae315da7f0f6d130535f74d",
    "_type": "block",
    "_parentId": "5ae315d97f0f6d130535f735",
    "_isAvailable": true,
    "_isOptional": false,
    "_trackingId": 32,
    "_classes": "color-six",
    "body": "",
    "displayTitle": "",
    "title": "Block title",
    "_assessment": {
      "_quizBankID": 1
    }
  },
  {
    "_id": "5ae315da7f0f6d130535f74e",
    "_type": "block",
    "_parentId": "5ae315d97f0f6d130535f735",
    "_isAvailable": true,
    "_isOptional": false,
    "_trackingId": 33,
    "_classes": "section-banner color-five inverted",
    "body": "",
    "displayTitle": "",
    "title": "Block title",
    "_assessment": {
      "_quizBankID": 1
    }
  }
]