[
  {
    "_id": "5b2b65797fbd554305da7116",
    "_type": "article",
    "_parentId": "5b2b65797fbd554305da7111",
    "_isAvailable": true,
    "_isOptional": false,
    "_classes": "",
    "body": "",
    "displayTitle": "",
    "title": "Article title",
    "_assessment": {
      "_isEnabled": false,
      "_id": "",
      "_banks": {
        "_isEnabled": false,
        "_split": "",
        "_randomisation": false
      },
      "_randomisation": {
        "_isEnabled": false,
        "_blockCount": 1
      },
      "_questions": {
        "_resetType": "soft",
        "_canShowFeedback": false,
        "_canShowMarking": false,
        "_canShowModelAnswer": false
      },
      "_isPercentageBased": false,
      "_scoreToPass": 60,
      "_includeInTotalScore": false,
      "_assessmentWeight": 1,
      "_isResetOnRevisit": false,
      "_attempts": -1
    }
  },
  {
    "_id": "5b2b65797fbd554305da7113",
    "_parentId": "5b2b65797fbd554305da7112",
    "_type": "article",
    "_isAvailable": true,
    "_isOptional": false,
    "_classes": "",
    "body": "",
    "displayTitle": "",
    "title": "Article title",
    "_assessment": {
      "_isEnabled": false,
      "_id": "",
      "_banks": {
        "_isEnabled": false,
        "_split": "",
        "_randomisation": false
      },
      "_randomisation": {
        "_isEnabled": false,
        "_blockCount": 1
      },
      "_questions": {
        "_resetType": "soft",
        "_canShowFeedback": false,
        "_canShowMarking": false,
        "_canShowModelAnswer": false
      },
      "_isPercentageBased": false,
      "_scoreToPass": 60,
      "_includeInTotalScore": false,
      "_assessmentWeight": 1,
      "_isResetOnRevisit": false,
      "_attempts": -1
    }
  },
  {
    "_id": "5b2b65797fbd554305da7115",
    "_parentId": "5b2b65797fbd554305da7111",
    "_type": "article",
    "_isAvailable": true,
    "_isOptional": false,
    "_classes": "hidden",
    "body": "",
    "displayTitle": "",
    "title": "Article title",
    "_assessment": {
      "_isEnabled": true,
      "_id": "assessment",
      "_banks": {
        "_isEnabled": true,
        "_split": "1,1,1,1,1,1,1,1,1,1",
        "_randomisation": false
      },
      "_randomisation": {
        "_isEnabled": false,
        "_blockCount": 1
      },
      "_questions": {
        "_resetType": "soft",
        "_canShowFeedback": true,
        "_canShowMarking": true,
        "_canShowModelAnswer": true
      },
      "_isPercentageBased": true,
      "_scoreToPass": 80,
      "_includeInTotalScore": true,
      "_assessmentWeight": 1,
      "_isResetOnRevisit": false,
      "_attempts": -1
    }
  },
  {
    "_id": "5b2b65797fbd554305da7114",
    "_parentId": "5b2b65797fbd554305da7112",
    "_type": "article",
    "_isAvailable": true,
    "_isOptional": false,
    "_classes": "",
    "body": "",
    "displayTitle": "",
    "title": "Article title",
    "_assessment": {
      "_isEnabled": false,
      "_id": "",
      "_banks": {
        "_isEnabled": false,
        "_split": "",
        "_randomisation": false
      },
      "_randomisation": {
        "_isEnabled": false,
        "_blockCount": 1
      },
      "_questions": {
        "_resetType": "soft",
        "_canShowFeedback": false,
        "_canShowMarking": false,
        "_canShowModelAnswer": false
      },
      "_isPercentageBased": false,
      "_scoreToPass": 60,
      "_includeInTotalScore": false,
      "_assessmentWeight": 1,
      "_isResetOnRevisit": false,
      "_attempts": -1
    }
  },
  {
    "_id": "5b2b65797fbd554305da7117",
    "_type": "article",
    "_parentId": "5b2b65797fbd554305da7111",
    "_isAvailable": true,
    "_isOptional": false,
    "_classes": "",
    "body": "",
    "displayTitle": "",
    "title": "Article title",
    "_assessment": {
      "_isEnabled": false,
      "_id": "",
      "_banks": {
        "_isEnabled": false,
        "_split": "",
        "_randomisation": false
      },
      "_randomisation": {
        "_isEnabled": false,
        "_blockCount": 1
      },
      "_questions": {
        "_resetType": "soft",
        "_canShowFeedback": false,
        "_canShowMarking": false,
        "_canShowModelAnswer": false
      },
      "_isPercentageBased": false,
      "_scoreToPass": 60,
      "_includeInTotalScore": false,
      "_assessmentWeight": 1,
      "_isResetOnRevisit": false,
      "_attempts": -1
    }
  }
]